<?xml version="1.0" encoding="UTF-8"?>
<addon id="plugin.program.grindmessages" name="[COLORghostwhite][B]GRIND[/B][/COLOR] [COLORred][B]Messages[/B][/COLOR]" version="1.1.1" provider-name="[COLORyellow][B]Yo' Boy From Oklahoma[/B][/COLOR]">
  <requires>
  	<import addon="xbmc.python" version="2.1.0"/>
  	<import addon="script.module.addon.common" optional="true" />
  </requires>
  <extension point="xbmc.python.script" library="default.py">
    <provides>executable</provides>
  </extension>
  <extension point="xbmc.service" library="service.py" start="startup">
  </extension>
  <extension point="xbmc.addon.metadata">
  	<summary></summary>
  	<description>For Up To Date Info On The Grind</description>
  	<disclaimer></disclaimer>
  	<language>en</language>
  	<platform>all</platform>
  	<forum></forum>
  	<website></website>
  	<source></source>
  	<email></email>
  </extension>
</addon>