﻿<?xml version="1.0" encoding="utf-8" standalone="yes"?>
<addon id="repository.thegrindage" name="[COLORghostwhite][B]GRIND[/B][/COLOR] [COLORred][B]Repository[/B][/COLOR]" version="1.1.1" provider-name="[COLORyellow][B]Yo' Boy From Oklahoma[/B][/COLOR]">
  <requires>
    <import addon="xbmc.addon" version="12.0.0" />
  </requires>
  <extension point="xbmc.addon.repository" name="Grind repository">
    <info compressed="false">https://raw.githubusercontent.com/thegrindage/repo/master/addons.xml</info>
    <checksum>https://raw.githubusercontent.com/thegrindage/repo/master/addons.xml.md5</checksum>
    <datadir zip="true">https://raw.githubusercontent.com/thegrindage/zips/master/addons/</datadir>
  </extension>
  <extension point="xbmc.addon.metadata">
    <summary>Grind Repository!</summary>
    <description>The Grind Repository!</description>
    <disclaimer></disclaimer>
    <platform>all</platform>
  </extension>
</addon>