<?xml version="1.0" encoding="UTF-8" standalone="yes"?>
<addon id="plugin.program.grindthemes" name="[COLORghostwhite][B]GRIND[/B][/COLOR] [COLORred][B]Themes[/B][/COLOR]" version="1.1.1" provider-name="[COLORyellow][B]Yo' Boy From Oklahoma[/B][/COLOR]">
  <requires>
    <import addon="xbmc.python" version="2.1.0"/>
  </requires>
  <extension point="xbmc.python.pluginsource" library="default.py">
    <provides>executable</provides>
  </extension>
  <extension point="xbmc.service" library="startup.py" start="startup" />
  <extension point="xbmc.addon.metadata">
    <summary lang="en">GRIND Themes</summary>
    <description lang="en">Themes</description>
    <platform>all</platform>
  </extension>
</addon>
